QUESTIONNAIRE	name	use_case_in_charting	code_system	code	scoring_function_js	can_originate_in_charting	expected_completion_time	search_tags	scoring_code_system	scoring_code	content	prologue	use_in_shx
QUESTION		name	code_system	code	code_description	content	responses_code_system	responses_type	use_in_shx				
RESPONSE			name	code	code_description	value							
QUESTIONNAIRE	jotform_medical_history	jotform_medical_history	INTERNAL	JMH		TRUE							FALSE
QUESTION		Date of last physical exam	INTERNAL	JMH_last_exam			INTERNAL	TXT	FALSE				
RESPONSE			Last Physical	JMH_last_exam1									
QUESTION		Primary Care Physician	INTERNAL	JMH_pcp			INTERNAL	TXT	FALSE				
RESPONSE			Primary Care Physician	JMH_pcp1									
QUESTION		Personal Health History	INTERNAL	JMH_health_history			INTERNAL	MULT	FALSE				
RESPONSE			Arthritis	JMH_health_history1									
RESPONSE			Blood Disorder	JMH_health_history2									
RESPONSE			Chrohn's, Diverticulitis, Colitis	JMH_health_history3									
RESPONSE			Diabetic - Type 1	JMH_health_history4									
RESPONSE			Diabetic - Type 2	JMH_health_history5									
RESPONSE			Drug/Alcohol Abuse	JMH_health_history6									
RESPONSE			Heart Disease	JMH_health_history7									
RESPONSE			High Blood Pressure	JMH_health_history8									
RESPONSE			High Cholesterol	JMH_health_history9									
RESPONSE			History of Cancer	JMH_health_history10									
RESPONSE			History of Stroke	JMH_health_history11									
RESPONSE			History of eating disorder	JMH_health_history12									
RESPONSE			Hypothyroidism	JMH_health_history13									
RESPONSE			Hyperthyroidism	JMH_health_history14									
RESPONSE			Kidney Disease	JMH_health_history15									
RESPONSE			Migraines	JMH_health_history16									
RESPONSE			Mental Illness	JMH_health_history17									
RESPONSE			PCOS/Endocrine Disorder	JMH_health_history18									
RESPONSE			Seizure Disorder	JMH_health_history19									
RESPONSE			Currently Breastfeeding	JMH_health_history20									
RESPONSE			Currently Pregnant	JMH_health_history21									
RESPONSE			None of the Above	JMH_health_history22									
RESPONSE			Other	JMH_health_history23									
QUESTION		Additional Details (Personal)	INTERNAL	JMH_hh_additional			INTERNAL	TXT	FALSE				
RESPONSE			Applicable details	JMH_hh_additional1									
QUESTION		Family Health History	INTERNAL	JMH_family_history			INTERNAL	MULT	FALSE				
RESPONSE			Arthritis	JMH_family_history1									
RESPONSE			Blood Disorder	JMH_family_history2									
RESPONSE			Chrohn's, Diverticulitis, Colitis	JMH_family_history3									
RESPONSE			Diabetic - Type 1	JMH_family_history4									
RESPONSE			Diabetic - Type 2	JMH_family_history5									
RESPONSE			Drug/Alcohol Abuse	JMH_family_history6									
RESPONSE			Heart Disease	JMH_family_history7									
RESPONSE			High Blood Pressure	JMH_family_history8									
RESPONSE			High Cholesterol	JMH_family_history9									
RESPONSE			History of Cancer	JMH_family_history10									
RESPONSE			History of Stroke	JMH_family_history11									
RESPONSE			History of eating disorder	JMH_family_history12									
RESPONSE			Hypothyroidism	JMH_family_history13									
RESPONSE			Hyperthyroidism	JMH_family_history14									
RESPONSE			Kidney Disease	JMH_family_history15									
RESPONSE			Migraines	JMH_family_history16									
RESPONSE			Mental Illness	JMH_family_history17									
RESPONSE			PCOS/Endocrine Disorder	JMH_family_history18									
RESPONSE			Seizure Disorder	JMH_family_history19									
RESPONSE			None of the Above	JMH_family_history22									
RESPONSE			Other	JMH_family_history23									
QUESTION		Additional Details (Family)	INTERNAL	JMH_fh_other			INTERNAL	TXT	FALSE				
RESPONSE			Applicable details	JMH_fh_other1									
QUESTION		Date of Last Period	INTERNAL	JMH_period			INTERNAL	TXT	FALSE				
RESPONSE			Date of last period	JMH_period1									
QUESTION		Regular Periods	INTERNAL	JMH_regular_periods			INTERNAL 	TXT	FALSE				
RESPONSE			Note any irregularities	JMH_regular_periods1									
QUESTION		Recall typical Breakfast	INTERNAL	JMH_breakfast			INTERNAL 	TXT	FALSE				
RESPONSE			Recall typical breakfast	JMH_breakfast1									
QUESTION		Recall typical Lunch	INTERNAL	JMH_lunch			INTERNAL 	TXT	FALSE				
RESPONSE			Recall typical lunch	JMH_lunch1									
QUESTION		Recall typical Dinner	INTERNAL	JMH_snacks			INTERNAL 	TXT	FALSE				
RESPONSE			Recall typical dinner	JMH_snacks1									
QUESTION		Recall typical Snacks	INTERNAL	JMH_snacks			INTERNAL 	TXT	FALSE				
RESPONSE			Recall typical snacks	JMH_snacks1									
QUESTION		Recall typical Beverages	INTERNAL	JMH_beverages			INTERNAL 	TXT	FALSE				
RESPONSE			Recall typical beverages	JMH_beverages1									
QUESTION		Sit down and Eat	INTERNAL	JMH_sit_and_eat			INTERNAL 	TXT	FALSE				
RESPONSE			How many times can you sit and eat per day	JMH_sit_and_eat1									
QUESTION		Skip Meals	INTERNAL	JMH_skip_meals			INTERNAL 	TXT	FALSE				
RESPONSE			Do you skip meals? When										
QUESTION		Eat at the same time	INTERNAL	JMH_eat_at_the_same_time			INTERNAL 	TXT	FALSE				
RESPONSE			Do you eat at the same time every day?										
QUESTION		Drink alcohol	INTERNAL	JMH_alcohol			INTERNAL 	TXT	FALSE				
RESPONSE			Do you drink alcohol?  How much / day?										
QUESTION		Who plans_buys_prepares food	INTERNAL	JMH_who_plans			INTERNAL 	TXT	FALSE				
RESPONSE			Who plans, prepares and buys meals?										
QUESTION		Information on LifeChef meals	INTERNAL	JMH_meals			INTERNAL	SING	FALSE				
RESPONSE			TRUE	JMH_True									
RESPONSE			FALSE	JMH_False									
QUESTION		Foods you avoid 	INTERNAL	JMH_avoided_foods			INTERNAL 	TXT	FALSE				
RESPONSE			Any foods you avoid because you don't like them	JMH_avoided_foods1									
QUESTION		Foods that cause Stomach pains	INTERNAL	JMH_stomach_aches			INTERNAL 	TXT	FALSE				
RESPONSE			Foods that cause stomach aches	JMH_stomach_aches1									
QUESTION		Typical work day activity	INTERNAL	JMH_typical_work_day			INTERNAL	TXT	FALSE				
RESPONSE			Movement at your typical work day	JMH_typical_work_day1									
QUESTION		What type of regular movement	INTERNAL	JMH_regular_movement			INTERNAL	TXT	FALSE				
RESPONSE			What type of movement do you participate in regularly	JMH_regular_movement1									
QUESTION		Score Weight Loss	INTERNAL	JMH_weight_loss			INTERNAL	TXT	FALSE				
RESPONSE			Weight Loss importance (0-5)	JMH_weight_loss1									
QUESTION		Score Muscle Gain	INTERNAL	JMH_muscle_gain			INTERNAL	TXT	FALSE				
RESPONSE			Muscle Gain importance (0-5)	JMH_muscle_gain1									
QUESTION		Score Sports Performance	INTERNAL	JMH_sports_performance			INTERNAL	TXT	FALSE				
RESPONSE			Sports Performance importance (0-5)	JMH_sports_performance1									
QUESTION		Score Health Improvement	INTERNAL	JMH_health_improvement			INTERNAL	TXT	FALSE				
RESPONSE			Health Improvement importance (0-5)	JMH_health_improvement1									
QUESTION		Level of Stress	INTERNAL	JMH_Stress_Level			INTERNAL	SING	FALSE				
RESPONSE			1 - Never Stressed	JMH_Stress_Level1									
RESPONSE			2 - Rarely Stressed	JMH_Stress_Level2									
RESPONSE			3 - Moderate	JMH_Stress_Level3									
RESPONSE			4 - Frequently Stressed	JMH_Stress_Level4									
RESPONSE			5 - Always Stressed	JMH_Stress_Level5									
QUESTION		Stress Management	INTERNAL	JMH_manage_stress			INTERNAL	TXT	FALSE				
RESPONSE			How do you manage stress	JMH_manage_stress1									
QUESTION		Average sleep duration	INTERNAL	JMH_sleep_duration			INTERNAL	SING	FALSE				
RESPONSE			Less than 2hours	JMH_sleep_duration1									
RESPONSE			2 - 4 hours	JMH_sleep_duration2									
RESPONSE			4 - 6 hours	JMH_sleep_duration3									
RESPONSE			7 - 9 hours	JMH_sleep_duration4									
RESPONSE			10+ hours	JMH_sleep_duration5									
QUESTION		Rate your sleep quality	INTERNAL	JMH_sleep_quality			INTERNAL	SING	FALSE				
RESPONSE			1 - Poor	JMH_sleep_quality1									
RESPONSE			2 - Below Average	JMH_sleep_quality2									
RESPONSE			3 - Average	JMH_sleep_quality3									
RESPONSE			4 - Above Average	JMH_sleep_quality4									
RESPONSE			5 - Exceptional	JMH_sleep_quality5									
QUESTION		Bowel Movement Frequency	INTERNAL	JMH_bowel_movement_frequency			INTERNAL	TXT	FALSE				
RESPONSE			Bowl movement frequency / ease of passing	JMH_bowel_movement_frequency1									
QUESTION		Long Term Health Goals	INTERNAL	JMH_long_term_health_goals			INTERNAL	TXT	FALSE				
RESPONSE			Long term health goals	JMH_long_term_health_goals1									
QUESTION		Short Term Goals	INTERNAL	JMH_short_term_health_goals			INTERNAL	TXT	FALSE				
RESPONSE			Short term goals	JMH_short_term_health_goals1									
QUESTION		How can your dietitian best help	INTERNAL	JMH_how_can_we_help			INTERNAL	MULT	FALSE				
RESPONSE			Accountability / check ins	JMH_how_can_we_help1									
RESPONSE			Reading materials	JMH_how_can_we_help2									
RESPONSE			webinars / podcasts	JMH_how_can_we_help3									
RESPONSE			Planning tools	JMH_how_can_we_help4									
RESPONSE			Supplement recommendations	JMH_how_can_we_help5									
RESPONSE			Other	JMH_how_can_we_help6									
QUESTION		Why is this important to you	INTERNAL	JMH_why_is_this_important			INTERNAL	TXT	FALSE				
RESPONSE			Why is this important to you	JMH_why_is_this_important1									
